planta,trat,doy,tallo_1,tallo_2,tallo_3,tallo_4,tallo_5,flores,hv,hm,tallo,h_t,pa,c,pac,r,ra,rsum
Trébol frutilla,c,155,38,34.75,31.5,,,0,0.36825,0,0.55485,0.66369289,0.9231,0.0779,1.001,0.21315,0,0.21315
Trébol frutilla,c,155,35.75,34,31.5,,,0,0.30295,0,0.5041,0.600972029,0.80705,0.13545,0.9425,0.22455,0,0.22455
Trébol frutilla,c,155,29.5,27.5,26,,,0,0.28085,0,0.48945,0.573807335,0.7703,0.09545,0.86575,0.21475,0,0.21475
Trébol frutilla,c,155,24.5,22.83333333,21.16666667,,,0,0.163066667,0,0.1847,0.882873128,0.347766667,0.039333333,0.3871,0.151633333,0,0.151633333
Trébol frutilla,c,155,31,30.75,27.75,,,0,0.2701,0,0.3753,0.719690914,0.6454,0.0799,0.7253,0.2276,0,0.2276
Trébol frutilla,c,155,37,35.25,30.25,,,0,0.2532,0,0.42385,0.597381149,0.67705,0.04925,0.7263,0.11435,0,0.11435
Trébol frutilla,c,155,41.5,38,35.5,,,0,0.34855,0,0.63195,0.5515468,0.9805,0.1745,1.155,0.22735,0,0.22735
Trébol frutilla,c,155,30,28,26.75,,,0,0.25765,0,0.43185,0.596619196,0.6895,0.0566,0.7461,0.1981,0,0.1981
Trébol frutilla,c,155,33,30.5,29,,,0,0.45175,0,0.6235,0.724538893,1.07525,0.22115,1.2964,0.3203,0,0.3203
Trébol frutilla,c,155,31.66666667,30.83333333,28.33333333,,,0,0.274533333,0,0.433,0.634026174,0.707533333,0.0979,0.805433333,0.217166667,0,0.217166667
Trébol frutilla,c,155,32.5,31.66666667,26.66666667,,,0,0.240466667,0,0.3715,0.647285778,0.611966667,0.0784,0.690366667,0.141733333,0,0.141733333
Trébol frutilla,c,155,24,23.5,20.75,,,0,0.28355,0,0.38055,0.745105768,0.6641,0.1759,0.84,0.2428,0,0.2428
Trébol blanco,c,155,22.5,22,20.75,,,0,0.22475,0,0.25925,0.866923819,0.484,0.05665,0.54065,0.17895,0,0.17895
Trébol blanco,c,155,27,25.75,25.25,,,0,0.3057,0,0.42205,0.724321763,0.72775,0.0649,0.79265,0.2846,0,0.2846
Trébol blanco,c,155,25.5,24.25,24.25,,,0,0.3716,0,0.4678,0.794356563,0.8394,0.0843,0.9237,0.32075,0,0.32075
Trébol blanco,c,155,27.25,25.5,24,,,0,0.38535,0,0.44615,0.863722963,0.8315,0.08355,0.91505,0.31755,0,0.31755
Trébol blanco,c,155,31.5,30.75,27.75,,,0,0.4851,0,0.8472,0.572592068,1.3323,0.12745,1.45975,0.4806,0,0.4806
Trébol blanco,c,155,28,27.75,25.25,,,0,0.2762,0,0.26515,1.041674524,0.54135,0.06555,0.6069,0.20615,0,0.20615
Trébol blanco,c,155,30.5,29,27.25,,,0.033,0.38155,0,0.5548,0.687725306,0.96935,0.0772,1.04655,0.34705,0,0.34705
Trébol blanco,c,155,19.25,20.25,18.75,,,0,0.2533,0,0.2591,0.977614821,0.5124,0.0642,0.5766,0.1792,0,0.1792
Trébol blanco,c,155,27.75,26.5,25.5,,,0,0.209,0,0.23645,0.883907803,0.44545,0.056,0.50145,0.128,0,0.128
Trébol blanco,c,155,23.5,22.25,21.75,,,0,0.2584,0,0.34,0.76,0.5984,0.0729,0.6713,0.3889,0,0.3889
Trébol blanco,c,155,27.5,27,25.25,,,0,0.32705,0,0.45315,0.721725698,0.7802,0.1262,0.9064,0.23185,0,0.23185
Trébol blanco,c,155,22.25,21.5,21,,,0,0.22295,0,0.23775,0.937749737,0.4607,0.06005,0.52075,0.11925,0,0.11925
Trébol balansa,c,155,19.25,19.25,18.5,,,0,0.2196,0.0078,0.2649,0.858437146,0.4923,0.03615,0.52845,0.2549,0,0.2549
Trébol balansa,c,155,20.25,20,18.75,,,0,0.29245,0.0326,0.44385,0.732342007,0.7689,0.06625,0.83515,0.24985,0,0.24985
Trébol balansa,c,155,38.5,37.5,34.75,,,0,0.16275,0.01144,0.22175,0.785524239,0.39594,0.01865,0.41459,0.05245,0,0.05245
Trébol balansa,c,155,20.25,19.75,19.5,,,0,0.38795,0,0.4692,0.826832907,0.85715,0.0712,0.92835,0.3503,0,0.3503
Trébol balansa,c,155,24,22.5,21.5,,,0,0.5025,0.1355,0.60845,1.048566028,1.24645,0.09,1.33645,0.6449,0,0.6449
Trébol balansa,c,155,27.25,25.25,25,,,0,0.2155,0,0.2274,0.947669305,0.4429,0.0414,0.4843,0.16565,0,0.16565
Trébol balansa,c,155,25.5,25,23.5,,,0,0.315,0.01445,0.39455,0.835001901,0.724,0.04685,0.77085,0.2877,0,0.2877
Trébol balansa,c,155,24.75,23.5,23.25,,,0,0.47885,0,0.5524,0.866853729,1.03125,0.094,1.12525,0.5538,0,0.5538
Trébol balansa,c,155,26.75,24.75,23.75,,,0,0.37925,0.0372,0.6611,0.629934957,1.07755,0.0758,1.15335,0.4912,0,0.4912
Trébol balansa,c,155,18,16.75,16.25,,,0,0.19235,0,0.24565,0.783024629,0.438,0.05465,0.49265,0.1652,0,0.1652
Trébol balansa,c,155,26.75,26,24.25,,,0,0.21225,0,0.31595,0.67178351,0.5282,0.03585,0.56405,0.10125,0,0.10125
Trébol balansa,c,155,33.5,30,27.5,,,0,0.40805,0,0.4583,0.890355662,0.86635,0.0604,0.92675,0.24825,0,0.24825
Lotus tenuis,c,155,35.25,34.25,31.5,,,0,0.3461,0,0.36305,0.953312216,0.70915,0.06395,0.7731,0.2472,0,0.2472
Lotus tenuis,c,155,36,31.75,29.75,,,0,0.3434,0,0.37925,0.905471325,0.72265,0.05365,0.7763,0.166,0,0.166
Lotus tenuis,c,155,47.75,39.5,39,,,0,0.36955,0,0.45605,0.810327815,0.8256,0.056,0.8816,0.23935,0,0.23935
Lotus tenuis,c,155,35,27.5,23.5,,,0,0.2597,0,0.21545,1.20538408,0.47515,0.05095,0.5261,0.16675,0,0.16675
Lotus tenuis,c,155,35,34.75,28.5,,,0,0.3262,0,0.4499,0.725050011,0.7761,0.0785,0.8546,0.20885,0,0.20885
Lotus tenuis,c,155,34.75,32.5,30.25,,,0,0.265,0,0.37865,0.699854747,0.64365,0.0444,0.68805,0.15165,0,0.15165
Lotus tenuis,c,155,31.25,29.5,28.5,,,0,0.182,0,0.18815,0.967313314,0.37015,0.032,0.40215,0.09055,0,0.09055
Lotus tenuis,c,155,38.25,33.75,29.5,,,0,0.33725,0,0.37155,0.907684026,0.7088,0.0619,0.7707,0.22855,0,0.22855
Lotus tenuis,c,155,36.25,28.75,25.75,,,0,0.26645,0,0.21905,1.216388952,0.4855,0.0437,0.5292,0.16735,0,0.16735
Lotus tenuis,c,155,37.66666667,33.16666667,32.5,,,0,0.297166667,0,0.2955,1.005640158,0.592666667,0.041366667,0.634033333,0.136933333,0,0.136933333
Lotus tenuis,c,155,38.25,34.75,31.5,,,0,0.2734,0,0.2985,0.915912898,0.5719,0.0602,0.6321,0.17695,0,0.17695
Lotus tenuis,c,155,41.75,36.75,33,,,0,0.41715,0,0.37735,1.105472373,0.7945,0.064,0.8585,0.21755,0,0.21755
Lotus corniculatus,c,155,27,21,20,,,0,0.216,0,0.1302,1.658986175,0.3462,0.515,0.8612,0.2124,0,0.2124
Lotus corniculatus,c,155,22,21.5,19.5,,,0,0.2984,0,0.1618,1.844252163,0.4602,0.052,0.5122,0.2295,0,0.2295
Lotus corniculatus,c,155,19.5,18.5,16,,,0,0.12,0,0.0547,2.193784278,0.1747,0.0201,0.1948,0.0589,0,0.0589
Lotus corniculatus,c,155,32.5,26,25.5,,,0,0.2619,0.0116,0.1861,1.469639979,0.4596,0.0578,0.5174,0.1775,0,0.1775
Lotus corniculatus,c,155,34,25,23,,,0,0.3886,0,0.1973,1.969589458,0.5859,0.0696,0.6555,0.1832,0,0.1832
Lotus corniculatus,c,155,28.5,27,20,,,0,0.5533,0,0.2906,1.903991741,0.8439,0.0492,0.8931,0.2249,0,0.2249
Lotus corniculatus,c,155,23,17,17,,,0,0.2699,0,0.0905,2.982320442,0.3604,0.0451,0.4055,0.1048,0,0.1048
Trébol frutilla,c,194,57.75,56.25,55,54,50.75,0,0.8848,0,1.5377,0.575404825,2.4225,0.16625,2.58875,0.27665,0.0362,0.31285
Trébol frutilla,c,194,51.75,51.25,49,48,46.5,0,0.5911,0.04315,1.29845,0.488467018,1.9327,0.1989,2.1316,0.335,0,0.335
Trébol frutilla,c,194,66.5,64,57,55.25,50.75,0,0.5566,0.11415,1.60085,0.418996158,2.2716,0.25435,2.52595,0.3371,0,0.3371
Trébol frutilla,c,194,48.75,46.75,46,44,42.75,0,1.00975,0.0619,1.77085,0.605161363,2.8425,0.55795,3.40045,0.6581,0,0.6581
Trébol frutilla,c,194,76.75,76,71.75,66,61.75,0,1.2296,0,2.29345,0.536135516,3.52305,0.32445,3.8475,0.5728,0,0.5728
Trébol frutilla,c,194,67.75,65.5,64.5,64,61.25,0,0.88365,0.0281,1.7455,0.522343168,2.65725,0.2429,2.90015,0.48105,0,0.48105
Trébol frutilla,c,194,81.25,79.5,79,76.75,76.25,0,0.9505,0.092,2.0529,0.507818208,3.0954,0.1828,3.2782,0.56935,0,0.56935
Trébol frutilla,c,194,61.75,60,59,58.25,57.25,0,0.68665,0.0719,1.7084,0.444011941,2.46695,0.2292,2.69615,0.36185,0.0654,0.42725
Trébol frutilla,c,194,49.5,45.5,44.75,43.75,42.75,0,0.52225,0,1.0571,0.494040299,1.57935,0.2165,1.79585,0.3313,0,0.3313
Trébol frutilla,c,194,53,50,49,47,46.75,0,0.90335,0,1.6865,0.535635932,2.58985,0.18885,2.7787,0.4432,0,0.4432
Trébol frutilla,c,194,64,62.25,59.25,55.5,49.5,0,1.0448,0,1.82265,0.573231284,2.86745,0.25315,3.1206,0.46635,0.1754,0.64175
Trébol frutilla,c,194,54,52.25,50.25,49.5,49,0,1.0783,0,1.71495,0.628764687,2.79325,0.23485,3.0281,0.61345,0,0.61345
Trébol blanco,c,194,45.25,48.25,47,46.25,45.5,0.1393,0.99475,0.2378,2.434,0.506388661,3.80585,0.6835,4.48935,0.484,0.30785,0.79185
Trébol blanco,c,194,51.5,52,53.5,47.5,46,0.0184,1.43405,0.58825,3.1183,0.648526441,5.159,0.4363,5.5953,0.6179,0.2546,0.8725
Trébol blanco,c,194,33.75,32.5,32.75,31,30.5,0,0.831,0.23945,1.2308,0.869718882,2.30125,0.27355,2.5748,0.25245,0.1694,0.42185
Trébol blanco,c,194,36.75,37.25,34.75,31.5,29.75,0,0.4588,0.15965,0.9843,0.628314538,1.60275,0.1677,1.77045,0.1836,0.1034,0.287
Trébol blanco,c,194,41,42.5,38.75,36.25,35.5,0,0.29355,0.13695,0.80485,0.534882276,1.23535,0.2215,1.45685,0.3074,0.1126,0.42
Trébol blanco,c,194,41,41,39,38,37,0,1.9613,0.2165,2.38265,0.914024301,4.56045,0.46425,5.0247,0.55225,0.28945,0.8417
Trébol blanco,c,194,40.75,38.5,37.25,37,37,0,0.95495,0.1777,1.3859,0.817266758,2.51855,0.2014,2.71995,0.21915,0.1585,0.37765
Trébol blanco,c,194,40.5,43,39.5,39.5,39,0.0118,0.3219,0.197,0.9745,0.532478194,1.5052,0.17405,1.67925,0.3073,0.13455,0.44185
Trébol blanco,c,194,50.5,48.25,45.75,44,42.75,0.004,0.89505,0.20375,1.6757,0.655725965,2.7785,0.13095,2.90945,0.34475,0.2065,0.55125
Trébol blanco,c,194,43.5,41,41.5,41.25,39,0.0045,0.91025,0.418,1.89455,0.701089969,3.2273,0.28955,3.51685,0.46615,0.2047,0.67085
Trébol blanco,c,194,46,43.5,41.25,38.5,38,0,0.75325,0.2901,1.47805,0.705896282,2.5214,0.2359,2.7573,0.32645,0.1477,0.47415
Trébol blanco,c,194,44,38.75,39.75,36.5,35.5,0,0.1943,0.01275,0.49315,0.419851972,0.7002,0.0853,0.7855,0.23755,0.0438,0.28135
Trébol blanco,c,194,45,41.25,42,42,39.5,0.0156,0.9047,0.0945,1.67935,0.59499211,2.69415,0.2728,2.96695,0.47095,0.22065,0.6916
Trébol balansa,c,194,39,37,36.25,35.75,34.75,0,0.47725,0.09275,0.8139,0.700331736,1.3839,0.11685,1.50075,0.4865,0.00585,0.49235
Trébol balansa,c,194,53.25,50.25,49.5,46.25,43.25,0.01765,0.49985,0.06755,0.8141,0.696965975,1.39915,0.1056,1.50475,0.40265,0,0.40265
Trébol balansa,c,194,34.75,34.25,34.25,34,32,0,0.76785,0.1573,1.38715,0.666943013,2.3123,0.1416,2.4539,0.56485,0,0.56485
Trébol balansa,c,194,58.5,59,55.5,54,50.5,0,0.7236,0.12975,1.5759,0.541500095,2.42925,0.12935,2.5586,0.86735,0,0.86735
Trébol balansa,c,194,48,46.5,45.75,44,43.25,0,0.80445,0.1427,1.30005,0.728548902,2.2472,0.128,2.3752,0.5232,0,0.5232
Trébol balansa,c,194,53,47.75,43.25,43.5,39.5,0,0.83415,0.11955,1.4888,0.64058302,2.4425,0.0751,2.5176,0.4035,0,0.4035
Trébol balansa,c,194,30.5,29,27,26.5,24.75,0,0.74005,0.23805,1.2342,0.792497164,2.2123,0.20085,2.41315,1.30835,0,1.30835
Trébol balansa,c,194,48.5,47.25,44,43.75,43,0,0.6963,0.1549,1.20125,0.708595213,2.05245,0.20665,2.2591,0.78545,0,0.78545
Trébol balansa,c,194,49.75,49,44.75,43.5,41.75,0,0.5933,0.03965,0.9239,0.685084966,1.55685,0.12605,1.6829,0.46975,0,0.46975
Trébol balansa,c,194,66,64.75,64,63,61.25,0,0.6169,0.20775,1.7087,0.482618365,2.53335,0.16685,2.7002,1.00155,0,1.00155
Trébol balansa,c,194,39.25,38.75,36.5,34.75,34,0,0.57625,0.1054,0.94995,0.717564082,1.6316,0.16845,1.80005,0.5472,0,0.5472
Trébol balansa,c,194,41,39.5,35.75,35.25,33.75,0,0.7427,0.0703,1.1297,0.719660087,1.9427,0.20835,2.15105,0.67695,0,0.67695
Lotus tenuis,c,194,55,46,43.75,42.5,38.5,0,0.73585,0.00875,0.9847,0.756169392,1.7293,0.1638,1.8931,0.3205,0,0.3205
Lotus tenuis,c,194,53.75,46.75,43.25,42.5,42.25,0,1.1703,0.0053,1.0845,1.084001844,2.2601,0.2703,2.5304,0.5616,0,0.5616
Lotus tenuis,c,194,39,34.5,32.5,33.75,32.25,0,0.4897,0.0081,0.55655,0.894438954,1.05435,0.13355,1.1879,0.2678,0,0.2678
Lotus tenuis,c,194,39.5,36.5,35.25,32.75,32.5,0,0.94985,0.0528,1.0801,0.928293677,2.08275,0.25055,2.3333,0.4573,0,0.4573
Lotus tenuis,c,194,58.75,54,49.75,45.5,41.75,0,0.51245,0.07365,1.02265,0.573118858,1.60875,0.1442,1.75295,0.30165,0,0.30165
Lotus tenuis,c,194,45,45.75,42,38,39.25,0,0.8665,0.0476,1.0588,0.863335852,1.9729,0.2179,2.1908,0.3949,0,0.3949
Lotus tenuis,c,194,41.5,39.75,38.25,37.25,35.25,0,0.76365,0.03025,1.15335,0.688342654,1.94725,0.17635,2.1236,0.4014,0,0.4014
Lotus tenuis,c,194,42,41.75,41.75,38.75,36.75,0,0.6837,0.0627,1.0307,0.724168041,1.7771,0.1571,1.9342,0.35435,0,0.35435
Lotus tenuis,c,194,45,40.25,41.75,40.75,40,0,1.18295,0.0195,1.4914,0.806255867,2.69385,0.2406,2.93445,0.6838,0,0.6838
Lotus tenuis,c,194,44.5,43.5,40.5,38,37.5,0,1.1544,0.0463,1.2778,0.939661919,2.4785,0.2258,2.7043,0.54555,0,0.54555
Lotus tenuis,c,194,39.75,40.5,39,38.5,36.5,0,0.63865,0.0182,0.91435,0.718379176,1.5712,0.2144,1.7856,0.48995,0,0.48995
Lotus tenuis,c,194,45,44.75,43.75,40.25,38.25,0,0.557,0.02805,0.8213,0.71234628,1.40635,0.10735,1.5137,0.28195,0,0.28195
Lotus corniculatus,c,194,42.5,39.5,38,38,36,0,1.0365,0.0053,1.031,1.010475267,2.0728,0.2367,2.3095,0.6912,0,0.6912
Lotus corniculatus,c,194,36.5,35,34,34,34,0,2.8125,0,1.7684,1.590420719,4.5809,0.8567,5.4376,1.9863,0,1.9863
Lotus corniculatus,c,194,32,28.5,28,26,24,0,1.0395,0.0554,0.7457,1.468284833,1.8406,0.2888,2.1294,0.915,0,0.915
Lotus corniculatus,c,194,42,40.5,37.5,37.5,34,0,1.2285,0.0172,1.1032,1.129169688,2.3489,0.1384,2.4873,0.5172,0,0.5172
Lotus corniculatus,c,194,45,37.5,36,31.5,31,0,1.2515,0,1.0187,1.228526553,2.2702,0.2329,2.5031,0.8422,0,0.8422
Lotus corniculatus,c,194,57,54.5,45,39,38,0,1.2736,0.0281,1.187,1.09663016,2.4887,0.2039,2.6926,0.4063,0,0.4063
Lotus corniculatus,c,194,39.5,32.5,30.5,30,28,0,1.2902,0.0637,0.9977,1.357021149,2.3516,0.1941,2.5457,0.9284,0,0.9284
Lotus corniculatus,c,194,51.5,48.5,48,41,40.5,0,1.7956,0.0143,1.5428,1.173126782,3.3527,0.4016,3.7543,1.308,0,1.308
Lotus corniculatus,c,194,34,27.5,27,26,26,0,1.5928,0,0.9046,1.760778245,2.4974,0.287,2.7844,0.7685,0,0.7685
Lotus corniculatus,c,194,52.5,50.5,44,43,38,0,1.6636,0,1.6935,0.982344257,3.3571,0.3048,3.6619,1.1771,0,1.1771
Trébol frutilla,c,194,52.16666667,48.83333333,47.16666667,45.83333333,43.83333333,0,0.6064,0,1.374366667,0.441221411,1.980766667,0.1758,2.156566667,0.201766667,0.086433333,0.2882
Trébol frutilla,c,194,52.25,51.75,46.75,41,39,0,0.5039,0,1.1905,0.423267535,1.6944,0.26485,1.95925,0.26595,0.0755,0.34145
Trébol frutilla,c,194,43.5,42.66666667,40.83333333,40.66666667,38.16666667,0,0.519166667,0.045,1.285766667,0.43877842,1.849933333,0.261233333,2.111166667,0.276433333,0.077133333,0.353566667
Trébol frutilla,c,194,60.25,59,58,57,55.5,0,0.7451,0,2.0857,0.357242173,2.8308,0.242,3.0728,0.38885,0.09335,0.4822
Trébol frutilla,c,194,65.25,63.75,59.25,56.75,53.25,0,1.0722,0,2.55605,0.419475362,3.62825,0.4325,4.06075,0.48825,0.07435,0.5626
Trébol frutilla,c,194,41.33333333,38.66666667,38,37.66666667,37.16666667,0,0.603166667,0.0653,1.46,0.457853881,2.128466667,0.320633333,2.4491,0.3458,0.083733333,0.429533333
Trébol frutilla,c,194,61,60.25,56,51.5,50,0,1.02215,0,2.4464,0.417818018,3.46855,0.45835,3.9269,0.4133,0.09135,0.50465
Trébol frutilla,c,194,45.25,43.25,42,39.5,39,0,0.4392,0.1064,1.09805,0.496880834,1.64365,0.1675,1.81115,0.29285,0.0644,0.35725
Trébol frutilla,c,194,62,60.5,59.5,58.25,54.5,0,0.9687,0,2.2405,0.432358848,3.2092,0.2843,3.4935,0.30715,0.0829,0.39005
Trébol frutilla,c,194,53.5,53.5,50,46,45.75,0,0.4198,0.06905,1.11255,0.439395982,1.6014,0.1662,1.7676,0.29185,0.05885,0.3507
Trébol frutilla,c,194,38.75,37.25,36.75,35.5,34.5,0,0.74445,0.0141,1.1939,0.63535472,1.95245,0.34015,2.2926,0.36925,0.0796,0.44885
Trébol frutilla,c,194,40.75,39.25,38,37,36,0,0.646,0,1.0558,0.611858306,1.7018,0.2554,1.9572,0.3469,0.0956,0.4425
Trébol blanco,c,194,32,29,28,25.75,25.25,0,0.09695,0.0938,0.3923,0.486235024,0.58305,0.1501,0.73315,0.26575,0.0671,0.33285
Trébol blanco,c,194,32.25,32.25,33,34,32.25,0,0.2445,0.2033,0.804,0.556965174,1.2518,0.3107,1.5625,0.33605,0.1077,0.44375
Trébol blanco,c,194,46,41.5,41.75,40,43.75,0.0193,0.84165,0.2838,2.15645,0.521899418,3.3012,0.9097,4.2109,0.37015,0.26025,0.6304
Trébol blanco,c,194,40.5,38,35.5,35.75,36,0,0.71895,0.3255,1.8163,0.575042669,2.86075,0.6046,3.46535,0.4749,0.1692,0.6441
Trébol blanco,c,194,50,47.75,45.5,43.25,50.5,0,0.2911,0.0847,0.96525,0.389329189,1.34105,0.3024,1.64345,0.4138,0.2145,0.6283
Trébol blanco,c,194,34.75,33.5,32.25,32.75,30.5,0,0.6264,0.32855,1.3625,0.700880734,2.31745,0.3222,2.63965,0.32895,0.22265,0.5516
Trébol blanco,c,194,40,38.75,38.25,38,37.5,0,0.6652,0.3289,1.626,0.611377614,2.6201,0.2552,2.8753,0.183,0.35015,0.53315
Trébol blanco,c,194,47.25,44.25,41.5,40.75,39,0.0158,0.6079,0.1985,1.48305,0.543744311,2.30525,0.3794,2.68465,0.2556,0.22515,0.48075
Trébol blanco,c,194,50,50,47.25,43.5,36.75,0.0035,0.7848,0.10025,2.0816,0.425177748,2.97015,0.49325,3.4634,0.33855,0.2363,0.57485
Trébol blanco,c,194,40.25,41.75,40,39.5,36.5,0,0.2471,0.28515,1.24575,0.427252659,1.778,0.24675,2.02475,0.27715,0.1894,0.46655
Trébol blanco,c,194,43.66666667,43.66666667,44,40.5,41.16666667,0.29205,0.8398,0.286233333,2.0334,0.553768729,3.451483333,0.407033333,3.858516667,0.2344,0.2731,0.5075
Trébol balansa,c,194,42,39.25,38.75,37.5,37,0.0307,0.69615,0.1293,1.64955,0.500409203,2.5057,0.2021,2.7078,0.79035,0.1168,0.90715
Trébol balansa,c,194,33.25,33,32.25,31.5,30.5,0,0.9274,0.07545,1.45555,0.688983546,2.4584,0.3031,2.7615,1.0141,0,1.0141
Trébol balansa,c,194,32,31.5,30.25,30.25,29.75,0,0.78265,0.10475,1.1644,0.762109241,2.0518,0.3537,2.4055,0.95215,0,0.95215
Trébol balansa,c,194,37,36.25,34,32.25,30.25,0,0.55285,0.0659,0.97805,0.632636368,1.5968,0.19845,1.79525,0.5802,0,0.5802
Trébol balansa,c,194,46,43.5,42,42,41.5,0,0.8463,0.0931,1.7249,0.544611282,2.6643,0.4006,3.0649,0.9446,0,0.9446
Trébol balansa,c,194,38.75,36.5,36.5,33.5,32.5,0,0.3719,0.06675,0.6938,0.632242721,1.13245,0.16985,1.3023,0.35095,0.008,0.35895
Trébol balansa,c,194,29.75,29.25,27.5,27,26,0,0.563,0.1154,0.9862,0.687892922,1.6646,0.29335,1.95795,1.24355,0,1.24355
Trébol balansa,c,194,62.5,61,59.5,57.5,57.5,0,0.59165,0.1298,1.6462,0.438251731,2.36765,0.26455,2.6322,0.7882,0.00885,0.79705
Trébol balansa,c,194,50.75,48,46.25,45.5,42.25,0.1043,0.50385,0.1754,1.32815,0.511425667,2.1117,0.2315,2.3432,0.519,0,0.519
Trébol balansa,c,194,53.75,49.5,46.25,45.75,44.75,0.0701,0.46335,0.113,1.0938,0.526924483,1.74025,0.1752,1.91545,0.4418,0.0087,0.4505
Trébol balansa,c,194,33.25,32.75,31.25,31,30.5,0,0.68395,0.1457,1.3358,0.621088486,2.16545,0.2924,2.45785,1.06745,0.02035,1.0878
Trébol balansa,c,194,41.25,40.25,38.75,37.75,36.75,0,0.40965,0.1252,0.7964,0.671584631,1.33125,0.1885,1.51975,0.5733,0,0.5733
Lotus tenuis,c,194,35.5,31.25,32,30.5,29.75,0,0.7525,,1.17965,0.637901072,1.93215,0.1954,2.12755,0.3455,0,0.3455
Lotus tenuis,c,194,43.25,37.25,36.25,34.25,31.75,0,0.45405,0.0439,0.75695,0.657837374,1.2549,0.1717,1.4266,0.3748,0,0.3748
Lotus tenuis,c,194,54.25,42.5,40.75,39.25,39.25,0,0.7227,0.0465,1.4761,0.521102906,2.2453,0.1826,2.4279,0.31895,0,0.31895
Lotus tenuis,c,194,36,32.25,32.25,30.5,31.5,0,0.74915,0.0288,1.03125,0.754375758,1.8092,0.2585,2.0677,0.28675,0,0.28675
Lotus tenuis,c,194,42.5,35.75,34.5,33.5,32,0,0.8365,0.0071,1.03335,0.816373929,1.87695,0.284,2.16095,0.3641,0,0.3641
Lotus tenuis,c,194,38.25,36.75,32.25,30,26.75,0,0.64085,0.0562,0.9567,0.728598307,1.65375,0.26085,1.9146,0.2954,0,0.2954
Lotus tenuis,c,194,36.66666667,35.66666667,32.16666667,31.5,29.83333333,0,0.7112,0.01615,1.1145,0.652624495,1.84185,0.2332,2.07505,0.356866667,0,0.356866667
Lotus tenuis,c,194,36.5,36.5,33.5,32.5,31.5,0,0.507066667,0.0154,0.938033333,0.556980918,1.4605,0.180033333,1.640533333,0.349133333,0,0.349133333
Lotus tenuis,c,194,40,29.75,29.5,28.25,29,0,0.5878,0.03305,0.8547,0.726395226,1.47555,0.1864,1.66195,0.31715,0,0.31715
Lotus tenuis,c,194,35,33.33333333,32,31.16666667,30.16666667,0,0.607766667,0.045733333,0.9767,0.669089792,1.6302,0.230366667,1.860566667,0.366533333,0,0.366533333
Lotus tenuis,c,194,41.66666667,34.5,33.33333333,33,31.5,0,0.724366667,0.0305,1.062233333,0.710641102,1.8171,0.212666667,2.029766667,0.395966667,0,0.395966667
Lotus tenuis,c,194,40,40.25,36,33.75,31.5,0,0.4413,0.03495,0.80895,0.588726126,1.2852,0.1304,1.4156,0.25815,0,0.25815
Lotus corniculatus,c,194,54,38,37,32.5,32,0,0.8632,0.0109,1.3188,0.662799515,2.1929,0.2746,2.4675,0.5441,0,0.5441
Lotus corniculatus,c,194,35,34.5,33,32,29,0,0.8186,0,0.9187,0.891041689,1.7373,0.2052,1.9425,0.2657,0,0.2657
Lotus corniculatus,c,194,34,29.5,28.5,27,24,0,0.4758,0,0.4539,1.048248513,0.9297,0.1345,1.0642,0.1734,0,0.1734
Lotus corniculatus,c,194,44.5,33,31,27.5,27,0,1.1478,0.0398,1.1547,1.028492249,2.3423,0.5144,2.8567,0.6934,0,0.6934
Lotus corniculatus,c,194,28.5,24.5,24,24,22.5,0,1.0162,0.104,1.1245,0.996176078,2.2447,0.3419,2.5866,0.5545,0,0.5545
Lotus corniculatus,c,194,24,22.5,21.5,21,20.5,0,0.5119,0.0656,0.3846,1.501560062,0.9621,0.1299,1.092,0.2228,0,0.2228
Lotus corniculatus,c,194,41.5,39.5,34.5,31.5,29,0,0.9232,0.0638,0.9447,1.044776119,1.9317,0.4348,2.3665,0.5727,0,0.5727
Lotus corniculatus,c,194,31,30.5,29,29,28,0,1.4718,0.0829,1.2138,1.280853518,2.7685,0.5006,3.2691,0.4484,0,0.4484
Lotus corniculatus,c,194,22,22,21,21,21,0,1.2873,0.0651,1.2475,1.084088176,2.5999,0.3444,2.9443,0.4823,0,0.4823
Lotus corniculatus,c,194,38,29,28,28,28,0,0.7403,0.0416,0.6044,1.293679682,1.3863,0.1967,1.583,0.3006,0,0.3006
Trébol frutilla,a,194,57.75,56.25,55,54,50.75,0,0.8848,0,1.5377,0.575404825,2.4225,0.16625,2.58875,0.27665,0.0362,0.31285
Trébol frutilla,a,194,51.75,51.25,49,48,46.5,0,0.5911,0.04315,1.29845,0.488467018,1.9327,0.1989,2.1316,0.335,0,0.335
Trébol frutilla,a,194,66.5,64,57,55.25,50.75,0,0.5566,0.11415,1.60085,0.418996158,2.2716,0.25435,2.52595,0.3371,0,0.3371
Trébol frutilla,a,194,48.75,46.75,46,44,42.75,0,1.00975,0.0619,1.77085,0.605161363,2.8425,0.55795,3.40045,0.6581,0,0.6581
Trébol frutilla,a,194,76.75,76,71.75,66,61.75,0,1.2296,0,2.29345,0.536135516,3.52305,0.32445,3.8475,0.5728,0,0.5728
Trébol frutilla,a,194,67.75,65.5,64.5,64,61.25,0,0.88365,0.0281,1.7455,0.522343168,2.65725,0.2429,2.90015,0.48105,0,0.48105
Trébol frutilla,a,194,81.25,79.5,79,76.75,76.25,0,0.9505,0.092,2.0529,0.507818208,3.0954,0.1828,3.2782,0.56935,0,0.56935
Trébol frutilla,a,194,61.75,60,59,58.25,57.25,0,0.68665,0.0719,1.7084,0.444011941,2.46695,0.2292,2.69615,0.36185,0.0654,0.42725
Trébol frutilla,a,194,49.5,45.5,44.75,43.75,42.75,0,0.52225,0,1.0571,0.494040299,1.57935,0.2165,1.79585,0.3313,0,0.3313
Trébol frutilla,a,194,53,50,49,47,46.75,0,0.90335,0,1.6865,0.535635932,2.58985,0.18885,2.7787,0.4432,0,0.4432
Trébol frutilla,a,194,64,62.25,59.25,55.5,49.5,0,1.0448,0,1.82265,0.573231284,2.86745,0.25315,3.1206,0.46635,0.1754,0.64175
Trébol frutilla,a,194,54,52.25,50.25,49.5,49,0,1.0783,0,1.71495,0.628764687,2.79325,0.23485,3.0281,0.61345,0,0.61345
Trébol blanco,a,194,45.25,48.25,47,46.25,45.5,0.1393,0.99475,0.2378,2.434,0.506388661,3.80585,0.6835,4.48935,0.484,0.30785,0.79185
Trébol blanco,a,194,51.5,52,53.5,47.5,46,0.0184,1.43405,0.58825,3.1183,0.648526441,5.159,0.4363,5.5953,0.6179,0.2546,0.8725
Trébol blanco,a,194,33.75,32.5,32.75,31,30.5,0,0.831,0.23945,1.2308,0.869718882,2.30125,0.27355,2.5748,0.25245,0.1694,0.42185
Trébol blanco,a,194,36.75,37.25,34.75,31.5,29.75,0,0.4588,0.15965,0.9843,0.628314538,1.60275,0.1677,1.77045,0.1836,0.1034,0.287
Trébol blanco,a,194,41,42.5,38.75,36.25,35.5,0,0.29355,0.13695,0.80485,0.534882276,1.23535,0.2215,1.45685,0.3074,0.1126,0.42
Trébol blanco,a,194,41,41,39,38,37,0,1.9613,0.2165,2.38265,0.914024301,4.56045,0.46425,5.0247,0.55225,0.28945,0.8417
Trébol blanco,a,194,40.75,38.5,37.25,37,37,0,0.95495,0.1777,1.3859,0.817266758,2.51855,0.2014,2.71995,0.21915,0.1585,0.37765
Trébol blanco,a,194,40.5,43,39.5,39.5,39,0.0118,0.3219,0.197,0.9745,0.532478194,1.5052,0.17405,1.67925,0.3073,0.13455,0.44185
Trébol blanco,a,194,50.5,48.25,45.75,44,42.75,0.004,0.89505,0.20375,1.6757,0.655725965,2.7785,0.13095,2.90945,0.34475,0.2065,0.55125
Trébol blanco,a,194,43.5,41,41.5,41.25,39,0.0045,0.91025,0.418,1.89455,0.701089969,3.2273,0.28955,3.51685,0.46615,0.2047,0.67085
Trébol blanco,a,194,46,43.5,41.25,38.5,38,0,0.75325,0.2901,1.47805,0.705896282,2.5214,0.2359,2.7573,0.32645,0.1477,0.47415
Trébol blanco,a,194,44,38.75,39.75,36.5,35.5,0,0.1943,0.01275,0.49315,0.419851972,0.7002,0.0853,0.7855,0.23755,0.0438,0.28135
Trébol blanco,a,194,45,41.25,42,42,39.5,0.0156,0.9047,0.0945,1.67935,0.59499211,2.69415,0.2728,2.96695,0.47095,0.22065,0.6916
Trébol balansa,a,194,39,37,36.25,35.75,34.75,0,0.47725,0.09275,0.8139,0.700331736,1.3839,0.11685,1.50075,0.4865,0.00585,0.49235
Trébol balansa,a,194,53.25,50.25,49.5,46.25,43.25,0.01765,0.49985,0.06755,0.8141,0.696965975,1.39915,0.1056,1.50475,0.40265,0,0.40265
Trébol balansa,a,194,34.75,34.25,34.25,34,32,0,0.76785,0.1573,1.38715,0.666943013,2.3123,0.1416,2.4539,0.56485,0,0.56485
Trébol balansa,a,194,58.5,59,55.5,54,50.5,0,0.7236,0.12975,1.5759,0.541500095,2.42925,0.12935,2.5586,0.86735,0,0.86735
Trébol balansa,a,194,48,46.5,45.75,44,43.25,0,0.80445,0.1427,1.30005,0.728548902,2.2472,0.128,2.3752,0.5232,0,0.5232
Trébol balansa,a,194,53,47.75,43.25,43.5,39.5,0,0.83415,0.11955,1.4888,0.64058302,2.4425,0.0751,2.5176,0.4035,0,0.4035
Trébol balansa,a,194,30.5,29,27,26.5,24.75,0,0.74005,0.23805,1.2342,0.792497164,2.2123,0.20085,2.41315,1.30835,0,1.30835
Trébol balansa,a,194,48.5,47.25,44,43.75,43,0,0.6963,0.1549,1.20125,0.708595213,2.05245,0.20665,2.2591,0.78545,0,0.78545
Trébol balansa,a,194,49.75,49,44.75,43.5,41.75,0,0.5933,0.03965,0.9239,0.685084966,1.55685,0.12605,1.6829,0.46975,0,0.46975
Trébol balansa,a,194,66,64.75,64,63,61.25,0,0.6169,0.20775,1.7087,0.482618365,2.53335,0.16685,2.7002,1.00155,0,1.00155
Trébol balansa,a,194,39.25,38.75,36.5,34.75,34,0,0.57625,0.1054,0.94995,0.717564082,1.6316,0.16845,1.80005,0.5472,0,0.5472
Trébol balansa,a,194,41,39.5,35.75,35.25,33.75,0,0.7427,0.0703,1.1297,0.719660087,1.9427,0.20835,2.15105,0.67695,0,0.67695
Lotus tenuis,a,194,55,46,43.75,42.5,38.5,0,0.73585,0.00875,0.9847,0.756169392,1.7293,0.1638,1.8931,0.3205,0,0.3205
Lotus tenuis,a,194,53.75,46.75,43.25,42.5,42.25,0,1.1703,0.0053,1.0845,1.084001844,2.2601,0.2703,2.5304,0.5616,0,0.5616
Lotus tenuis,a,194,39,34.5,32.5,33.75,32.25,0,0.4897,0.0081,0.55655,0.894438954,1.05435,0.13355,1.1879,0.2678,0,0.2678
Lotus tenuis,a,194,39.5,36.5,35.25,32.75,32.5,0,0.94985,0.0528,1.0801,0.928293677,2.08275,0.25055,2.3333,0.4573,0,0.4573
Lotus tenuis,a,194,58.75,54,49.75,45.5,41.75,0,0.51245,0.07365,1.02265,0.573118858,1.60875,0.1442,1.75295,0.30165,0,0.30165
Lotus tenuis,a,194,45,45.75,42,38,39.25,0,0.8665,0.0476,1.0588,0.863335852,1.9729,0.2179,2.1908,0.3949,0,0.3949
Lotus tenuis,a,194,41.5,39.75,38.25,37.25,35.25,0,0.76365,0.03025,1.15335,0.688342654,1.94725,0.17635,2.1236,0.4014,0,0.4014
Lotus tenuis,a,194,42,41.75,41.75,38.75,36.75,0,0.6837,0.0627,1.0307,0.724168041,1.7771,0.1571,1.9342,0.35435,0,0.35435
Lotus tenuis,a,194,45,40.25,41.75,40.75,40,0,1.18295,0.0195,1.4914,0.806255867,2.69385,0.2406,2.93445,0.6838,0,0.6838
Lotus tenuis,a,194,44.5,43.5,40.5,38,37.5,0,1.1544,0.0463,1.2778,0.939661919,2.4785,0.2258,2.7043,0.54555,0,0.54555
Lotus tenuis,a,194,39.75,40.5,39,38.5,36.5,0,0.63865,0.0182,0.91435,0.718379176,1.5712,0.2144,1.7856,0.48995,0,0.48995
Lotus tenuis,a,194,45,44.75,43.75,40.25,38.25,0,0.557,0.02805,0.8213,0.71234628,1.40635,0.10735,1.5137,0.28195,0,0.28195
Lotus corniculatus,a,194,42.5,39.5,38,38,36,0,1.0365,0.0053,1.031,1.010475267,2.0728,0.2367,2.3095,0.6912,0,0.6912
Lotus corniculatus,a,194,36.5,35,34,34,34,0,2.8125,0,1.7684,1.590420719,4.5809,0.8567,5.4376,1.9863,0,1.9863
Lotus corniculatus,a,194,32,28.5,28,26,24,0,1.0395,0.0554,0.7457,1.468284833,1.8406,0.2888,2.1294,0.915,0,0.915
Lotus corniculatus,a,194,42,40.5,37.5,37.5,34,0,1.2285,0.0172,1.1032,1.129169688,2.3489,0.1384,2.4873,0.5172,0,0.5172
Lotus corniculatus,a,194,45,37.5,36,31.5,31,0,1.2515,0,1.0187,1.228526553,2.2702,0.2329,2.5031,0.8422,0,0.8422
Lotus corniculatus,a,194,57,54.5,45,39,38,0,1.2736,0.0281,1.187,1.09663016,2.4887,0.2039,2.6926,0.4063,0,0.4063
Lotus corniculatus,a,194,39.5,32.5,30.5,30,28,0,1.2902,0.0637,0.9977,1.357021149,2.3516,0.1941,2.5457,0.9284,0,0.9284
Lotus corniculatus,a,194,51.5,48.5,48,41,40.5,0,1.7956,0.0143,1.5428,1.173126782,3.3527,0.4016,3.7543,1.308,0,1.308
Lotus corniculatus,a,194,34,27.5,27,26,26,0,1.5928,0,0.9046,1.760778245,2.4974,0.287,2.7844,0.7685,0,0.7685
Lotus corniculatus,a,194,52.5,50.5,44,43,38,0,1.6636,0,1.6935,0.982344257,3.3571,0.3048,3.6619,1.1771,0,1.1771
Trébol frutilla,c,237,99.5,97.5,96.5,93.5,90.5,0,3.16295,0.41745,7.70925,0.464429095,11.28965,0.79355,12.0832,0.97565,0.0896,1.06525
Trébol frutilla,c,237,69,69,67.5,64.75,63.25,0,2.43315,1.23185,6.48185,0.565424994,10.14685,0.8932,11.04005,1.179,0.2283,1.4073
Trébol frutilla,c,237,84.5,81.25,77.75,76,73.75,0,2.17095,0.37375,4.66,0.546072961,7.2047,0.57515,7.77985,0.78105,0.0739,0.85495
Trébol frutilla,c,237,105.75,103,102.5,101.5,98.75,0.1636,2.53275,1.1718,7.71635,0.480090976,11.5845,0.94705,12.53155,1.23815,0.0324,1.27055
Trébol frutilla,c,237,92.25,91.5,90,88.5,84.5,0,2.9687,0.98555,7.61565,0.519226855,11.5699,1.3361,12.906,1.13625,0.0932,1.22945
Trébol frutilla,c,237,89.5,88,87.25,85.25,83,0,1.3832,0.1908,3.141,0.501114295,4.715,0.47805,5.19305,0.4196,0.03585,0.45545
Trébol frutilla,c,237,115.25,109.25,108.5,105.5,103.25,0,1.91265,0.2479,5.5562,0.388853893,7.71675,0.5423,8.25905,0.45505,0.1043,0.55935
Trébol frutilla,c,237,94.25,94.25,91,89.5,88.5,0,1.9592,0.6256,5.1269,0.50416431,7.7117,0.801,8.5127,0.91235,0.1903,1.10265
Trébol frutilla,c,237,85,82.25,81.5,78.5,77,0,2.7326,0.84085,5.54285,0.644695418,9.1163,0.95815,10.07445,0.94735,0.17095,1.1183
Trébol frutilla,c,237,87,85.5,84,82.5,81.75,0,1.80205,0.29975,4.8834,0.430396855,6.9852,0.6914,7.6766,0.75585,0.02375,0.7796
Trébol frutilla,c,237,80.5,78.75,76.25,74.75,73.75,0,3.02735,0.8697,6.73355,0.578751179,10.6306,1.14715,11.77775,1.24125,0.0967,1.33795
Trébol frutilla,c,237,87,86,83.5,81.5,80.25,0,1.70505,0.18425,4.4186,0.427578871,6.3079,0.49095,6.79885,0.63815,0.1223,0.76045
Trébol blanco,c,237,50.25,48.5,47.5,46,45.5,0.58385,3.2342,0.4449,5.42785,0.677819026,9.6908,0.77815,10.46895,0.9445,0.4851,1.4296
Trébol blanco,c,237,55,51.5,51,50.5,49.75,0.28145,3.01405,0.92945,6.09295,0.64722343,10.3179,0.9031,11.221,0.83875,0.3703,1.20905
Trébol blanco,c,237,45.5,39.5,38,33.75,32.75,,2.0242,0.4164,3.5552,0.686487399,5.9958,0.51385,6.50965,0.34775,0.3079,0.65565
Trébol blanco,c,237,93,91.5,91,87.5,82,0.3159,2.2554,0.5008,6.1954,0.444878458,9.2675,0.3984,9.6659,0.5999,0.2701,0.87
Trébol blanco,c,237,47.25,45.5,44.25,42.5,41.75,0.28395,2.46525,0.72775,5.1374,0.621520614,8.61435,1.10335,9.7177,0.7695,0.2982,1.0677
Trébol blanco,c,237,60.5,54.75,52.5,51.25,50.75,0.3068,2.9147,0.6962,7.7099,0.468345893,11.6276,1.04725,12.67485,0.8676,0.53105,1.39865
Trébol blanco,c,237,54,49.5,49.25,46.5,45,0.4473,3.6167,0.8721,6.4476,0.696197035,11.3837,0.62045,12.00415,0.7179,0.5208,1.2387
Trébol blanco,c,237,52.5,50.25,47.75,46.25,44.5,0.92175,2.57595,0.5295,6.66185,0.466154296,10.68905,0.82395,11.513,0.901,0.34125,1.24225
Trébol blanco,c,237,57.5,56,56,54,53.75,0.65435,2.65665,0.8128,6.0521,0.573263826,10.1759,0.5862,10.7621,0.8381,0.30555,1.14365
Trébol blanco,c,237,53,51.75,49,48.25,45.5,0,2.7451,0.96365,5.2787,0.702587758,8.98745,0.6086,9.59605,0.567,0.4178,0.9848
Trébol blanco,c,237,34.25,33.25,33,32.25,30.25,0,0.7052,0.1631,1.0858,0.799686867,1.9541,0.19505,2.14915,0.1149,0.09375,0.20865
Trébol blanco,c,237,63.25,62.5,60.25,59.25,57.75,0,3.1016,0.59405,6.1254,0.603332027,9.82105,0.962,10.78305,0.65375,0.43225,1.086
Trébol balansa,c,237,69,65.75,64.75,64.25,63.75,0.16215,1.8987,0.83365,5.70325,0.479086486,8.59775,0.41625,9.014,2.1376,0,2.1376
Trébol balansa,c,237,105,104,104,103,101,1.2202,1.96405,0.52325,6.96545,0.357091071,10.67295,0.2616,10.93455,1.18835,0,1.18835
Trébol balansa,c,237,73.75,72.25,71.75,71.5,71,0.1788,2.7484,0.90975,7.7983,0.469095829,11.63525,0.5757,12.21095,2.88545,0,2.88545
Trébol balansa,c,237,111,109.25,107.75,106.75,105,0.00785,2.4619,0.6165,5.9536,0.517065305,9.03985,0.3412,9.38105,2.58175,0,2.58175
Trébol balansa,c,237,63.25,63,61.25,61,59.5,0,1.7611,0.39865,4.2128,0.512663787,6.37255,0.2533,6.62585,1.01875,0,1.01875
Trébol balansa,c,237,91,89.25,87.25,84.25,82.25,0.3206,2.0211,0.5608,4.66195,0.553824044,7.56445,0.49425,8.0587,2.94645,0,2.94645
Trébol balansa,c,237,81,80.5,79,74.5,72.5,0.1135,2.10745,0.5299,5.1951,0.507661065,7.94595,0.60245,8.5484,2.9012,0,2.9012
Trébol balansa,c,237,102.75,101.5,99.75,99,98.5,0.4957,2.6104,0.7905,7.34625,0.462943679,11.24285,0.19095,11.4338,2.0325,0,2.0325
Trébol balansa,c,237,106.5,105.75,103.25,101.75,100.75,0.03105,2.03905,0.45615,4.8801,0.511300998,7.40635,0.30415,7.7105,1.3588,0,1.3588
Trébol balansa,c,237,121,120.25,120,119.5,118.5,0.4051,1.6887,0.67715,6.49255,0.364394575,9.2635,0.2622,9.5257,0.9729,0,0.9729
Trébol balansa,c,237,82.75,77.5,73,69.75,69,0.0707,2.31435,0.82525,6.22275,0.504535776,9.43305,0.5203,9.95335,2.2575,0,2.2575
Trébol balansa,c,237,66.5,64.5,64,61.75,60.75,0.0689,2.27495,0.61515,4.8909,0.590913738,7.8499,0.50075,8.35065,2.4401,0,2.4401
Lotus tenuis,c,237,89.75,82.25,77,76.5,70.5,0,3.221,0.06365,6.2992,0.52143923,9.58385,0.55995,10.1438,1.23585,0,1.23585
Lotus tenuis,c,237,99.5,90,86.25,82.25,79.75,0,2.7159,0.0352,6.4449,0.426864653,9.196,0.4148,9.6108,1.21935,0,1.21935
Lotus tenuis,c,237,92.75,81.5,79.5,78,71.75,0,3.65375,0.00745,7.84955,0.466421642,11.51075,0.5872,12.09795,1.48095,0,1.48095
Lotus tenuis,c,237,77,69.25,68,68,64.5,0,3.25485,0.09505,5.62775,0.595246768,8.97765,0.52655,9.5042,1.40255,0,1.40255
Lotus tenuis,c,237,89.5,82.25,82,76,74.5,0,2.10475,0.05265,4.81365,0.448183811,6.97105,0.42575,7.3968,0.86055,0,0.86055
Lotus tenuis,c,237,86.75,83.25,78.75,76,73,0,3.49225,0.014,7.14365,0.490820519,10.6499,0.6034,11.2533,1.6226,0,1.6226
Lotus tenuis,c,237,89.5,82.5,82,77.5,75.5,0,2.0613,0.0569,4.7932,0.441917717,6.9114,0.2985,7.2099,0.7993,0,0.7993
Lotus tenuis,c,237,55,51.25,48.5,47.5,45.5,0,4.01395,0.0292,5.36425,0.753721396,9.4074,0.70545,10.11285,2.24165,0,2.24165
Lotus tenuis,c,237,75.25,68.5,65,63.5,61.75,0,2.2726,0.1087,5.0114,0.475176597,7.3927,0.39085,7.78355,1.13555,0,1.13555
Lotus tenuis,c,237,81.5,76.25,75.5,70.5,67,0,2.66855,0.0199,4.82735,0.556920464,7.5158,0.373,7.8888,1.05235,0,1.05235
Lotus tenuis,c,237,65.5,64.25,60.75,60.5,57,0,2.27115,0.01085,3.7918,0.601824991,6.0738,0.3981,6.4719,1.0982,0,1.0982
Lotus tenuis,c,237,85,83.5,77.5,77.25,74.75,0,1.6739,0.17125,4.742,0.389107971,6.58715,0.2598,6.84695,0.7383,0,0.7383
Lotus corniculatus,c,237,63,62,59.5,58,57,,7.025,0.0273,6.6168,1.065817314,13.6691,1.9933,15.6624,4.4127,,4.4127
Lotus corniculatus,c,237,48,44,43.5,41,41,,3.5782,0,2.6075,1.372272291,6.1857,0.5405,6.7262,1.8551,,1.8551
Lotus corniculatus,c,237,41.5,41.5,39,36.5,37,,2.8352,0,2.2481,1.261153863,5.0833,0.4693,5.5526,1.578,,1.578
Lotus corniculatus,c,237,70,63,53,52.5,50.5,,4.8951,0,4.3078,1.136334092,9.2029,0.892,10.0949,2.5041,,2.5041
Lotus corniculatus,c,237,57,57,53,47,46,,4.3182,0,3.5856,1.204317269,7.9038,0.4415,8.3453,2.6675,,2.6675
Lotus corniculatus,c,237,67,61,59.5,56,52.5,,5.3218,0,5.6338,0.944619972,10.9556,0.7674,11.723,3.3747,,3.3747
Lotus corniculatus,c,237,43,41.5,41,38.5,37,,3.7652,0,2.7347,1.376823783,6.4999,0.6893,7.1892,2.0253,,2.0253
Lotus corniculatus,c,237,80,76.5,75,69,64,,13.4816,0,11.5149,1.170796099,24.9965,1.6614,26.6579,7.2108,,7.2108
Lotus corniculatus,c,237,36.5,36,35.5,35,34,,4.0488,0.0243,2.5022,1.627807529,6.5753,0.6364,7.2117,2.5321,,2.5321
Lotus corniculatus,c,237,81.5,81,76,67.5,65.5,,7.9478,0.037,8.6672,0.921266384,16.652,1.2946,17.9466,3.788,,3.788
Trébol frutilla,a,237,91.75,88.5,88,85,84.5,,1.9377,0.70505,4.76205,0.554960574,7.4048,0.736,8.1408,0.4697,0.16395,0.63365
Trébol frutilla,a,237,86.25,85,80.5,78.75,77.5,,1.759,0.4072,5.08745,0.425792882,7.25365,0.6485,7.90215,0.4645,0.1373,0.6018
Trébol frutilla,a,237,90,89.5,88.5,83,80.75,,1.7555,0.2785,3.8278,0.531375725,5.8618,0.44755,6.30935,0.4166,0.21375,0.63035
Trébol frutilla,a,237,108.75,108,105.25,102,97.5,,1.91185,0.2663,5.0505,0.431274131,7.22865,0.63545,7.8641,0.6142,0.35365,0.96785
Trébol frutilla,a,237,113.25,111,109.5,109.25,103.25,,2.20435,0.6474,5.8791,0.485065741,8.73085,0.6555,9.38635,0.37715,0.35675,0.7339
Trébol frutilla,a,237,79,78.25,77.5,75.75,74.75,,2.38725,0.5861,5.169,0.575227317,8.14235,0.81785,8.9602,0.50945,0.14,0.64945
Trébol frutilla,a,237,86.75,85.75,85.25,84.75,83.5,,2.26325,0.415,6.12575,0.43721177,8.804,0.89905,9.70305,0.8466,0.1212,0.9678
Trébol frutilla,a,237,78.75,78,77.25,75.25,70.5,,1.746,0.08505,3.24155,0.564868659,5.0726,0.6556,5.7282,0.5757,0.13215,0.70785
Trébol frutilla,a,237,81.5,79.25,74.5,67.75,63.25,,1.9902,0.2316,3.4612,0.641916098,5.683,0.44945,6.13245,0.4969,0.16645,0.66335
Trébol frutilla,a,237,66.75,66,60,59.5,59.25,,2.9357,0.3901,4.6626,0.713293012,7.9884,1.03345,9.02185,0.90145,0.12005,1.0215
Trébol frutilla,a,237,65,62.75,61.25,56.75,53.75,,1.13325,0.1152,2.00765,0.621846437,3.2561,0.32415,3.58025,0.1911,0.08005,0.27115
Trébol frutilla,a,237,76.5,75,73.25,72.25,69.25,,2.60945,0.1882,4.47605,0.62502653,7.2737,0.54505,7.81875,0.5656,0.1141,0.6797
Trébol blanco,a,237,75,73.5,70.5,66.5,66,0.7672,3.306,0.7732,8.8443,0.461223613,13.6907,1.2468,14.9375,0.9472,0.7224,1.6696
Trébol blanco,a,237,56,53.75,51.25,49.25,46.75,0.50595,3.7311,0.60285,7.0778,0.612330103,11.9177,1.30185,13.21955,0.967,0.65265,1.61965
Trébol blanco,a,237,64,62.5,56.5,56.25,52,0,1.9259,0.472,2.98785,0.802550329,5.38575,0.5722,5.95795,0.4003,0.24855,0.64885
Trébol blanco,a,237,58.25,55,52.25,51.5,50.75,0.5634,4.42055,0.52695,9.0142,0.548856249,14.5251,0.9333,15.4584,1.05545,0.7787,1.83415
Trébol blanco,a,237,66.25,64.25,60.75,58.25,56.25,0.2987,3.1529,0.44925,6.0337,0.597005154,9.93455,1.0246,10.95915,0.90775,0.58815,1.4959
Trébol blanco,a,237,48.75,46,45,43.5,40.25,0,1.20305,0.2571,2.4288,0.601181653,3.88895,0.6772,4.56615,0.3519,0.2194,0.5713
Trébol blanco,a,237,48,45.25,43.25,42.5,41.75,0.17965,1.65055,0.3123,2.48685,0.789291674,4.62935,0.496,5.12535,0.50375,0.1424,0.64615
Trébol blanco,a,237,51.25,51.25,45.5,44.75,42,0,1.3144,0.2112,1.9606,0.778129144,3.4862,0.4945,3.9807,0.29995,0.1199,0.41985
Trébol blanco,a,237,48.5,40.5,38.75,35.5,34.25,0,0.62925,0.45185,1.4029,0.770618006,2.484,0.401,2.885,0.25385,0.1715,0.42535
Trébol blanco,a,237,41.75,38.5,37.25,36.25,35.25,0.10025,1.18965,0.2834,2.13985,0.688389373,3.71315,0.31315,4.0263,0.3996,0.19315,0.59275
Trébol blanco,a,237,52.5,49.5,45,44.25,43.75,0.4496,2.63465,0.28135,4.2961,0.67875515,7.6617,0.8464,8.5081,0.6202,0.5979,1.2181
Trébol blanco,a,237,59,57.5,53.75,51.5,46,0.2909,2.1003,1.2969,5.4301,0.625623837,9.1182,1.42925,10.54745,0.8046,0.7467,1.5513
Trébol balansa,a,237,128.25,126.25,123,121.5,118.25,0.2965,2.1041,0.4403,6.95165,0.366013824,9.79255,0.3407,10.13325,1.4037,0,1.4037
Trébol balansa,a,237,109,107,106.75,104.25,99.75,0.12435,2.6651,0.57835,7.3937,0.438677523,10.7615,0.39015,11.15165,1.72775,0,1.72775
Trébol balansa,a,237,68,66.75,66.5,65.25,64,0.0383,1.90215,0.3006,4.07465,0.540598579,6.3157,0.3542,6.6699,1.65215,0,1.65215
Trébol balansa,a,237,79.75,77,73.25,72.5,72,0.1637,1.50335,0.4071,4.2979,0.444507783,6.37205,0.4241,6.79615,1.97,0,1.97
Trébol balansa,a,237,51.83333333,50,49.33333333,45.83333333,44.16666667,0.064433333,2.033266667,0.3446,3.7451,0.634927416,6.1874,0.5062,6.6936,1.7179,0,1.7179
Trébol balansa,a,237,94.5,91,90.25,89.25,88.5,0.8305,1.4645,0.36635,5.34495,0.342538284,8.0063,0.37845,8.38475,1.22915,0,1.22915
Trébol balansa,a,237,70,68,67,62.5,59.75,0.02245,1.73595,0.43165,4.3961,0.493073406,6.58615,0.45575,7.0419,1.74025,0,1.74025
Trébol balansa,a,237,65.25,63,60,58.25,57.75,0.01595,2.17265,1.02835,5.95855,0.537211234,9.1755,0.56535,9.74085,3.8691,0,3.8691
Trébol balansa,a,237,97.75,96.25,95.5,91,89.25,0.0642,1.5865,0.3391,3.8375,0.501785016,5.8273,0.3123,6.1396,1.619,0,1.619
Trébol balansa,a,237,57.5,54.5,54,53.5,49.5,0,1.6977,0.54045,4.68805,0.477415983,6.9262,0.62895,7.55515,2.2161,0,2.2161
Trébol balansa,a,237,72.25,70.25,67.25,65.75,65,0,2.15225,0.56715,5.27175,0.515843885,7.99115,0.4608,8.45195,2.7367,0,2.7367
Trébol balansa,a,237,58.75,57.25,51.25,49.5,48.5,0.0814,0.8864,0.3754,2.60645,0.484106735,3.94965,0.56185,4.5115,1.36615,0,1.36615
Lotus tenuis,a,237,80.25,78.25,73.25,72,66.25,0,2.11735,0.0336,4.9879,0.431233585,7.13885,0.38275,7.5216,1.0378,0.03825,1.07605
Lotus tenuis,a,237,69.25,67.5,65.5,64.25,63.5,0,2.22275,0.02745,4.07775,0.551823923,6.32795,0.4273,6.75525,0.8337,0.0246,0.8583
Lotus tenuis,a,237,77.25,74.5,70.25,67,65.5,0,2.5422,0.0385,5.7787,0.446588333,8.3594,0.5085,8.8679,1.05525,0.05325,1.1085
Lotus tenuis,a,237,80,75.25,71.25,70.75,65.25,0,1.90695,0.02815,4.0597,0.476660837,5.9948,0.34105,6.33585,0.81215,0.0128,0.82495
Lotus tenuis,a,237,62.5,59.5,58.25,55.75,55,0,3.9638,0.0168,6.1366,0.648665385,10.1172,0.90795,11.02515,1.7405,0.094,1.8345
Lotus tenuis,a,237,70,66.75,65,62.75,60.25,0,2.99865,0.0181,4.7485,0.635305886,7.76525,0.43035,8.1956,0.99065,0.06,1.05065
Lotus tenuis,a,237,58,54.5,52,48,46.5,0,1.6502,0.08235,2.95745,0.585825627,4.69,0.3411,5.0311,0.71745,0,0.71745
Lotus tenuis,a,237,72.5,69,66.25,65,62.5,0,2.1347,0.08905,4.19885,0.529609298,6.4226,0.4303,6.8529,0.77575,0.05255,0.8283
Lotus tenuis,a,237,84,75,71.25,66,65.5,0,2.7325,0.0732,6.2205,0.451040913,9.0262,0.4764,9.5026,1.40305,0.0489,1.45195
Lotus tenuis,a,237,79.5,72.75,70.25,69.25,67.25,0,2.7032,0.0288,5.8418,0.467664076,8.5738,0.44575,9.01955,1.2223,0.07655,1.29885
Lotus tenuis,a,237,65.75,61.5,61.25,60.25,60,0,2.6697,0.0403,4.3495,0.623060122,7.0595,0.4225,7.482,1.16935,0.03285,1.2022
Lotus tenuis,a,237,74.75,72.5,70.5,70.25,65.25,0,2.2557,0.02405,5.88025,0.387696101,8.16,0.4196,8.5796,0.9443,0.05575,1.00005
Lotus corniculatus,a,237,45,39.5,38.5,38.5,35,0,3.0467,0,1.9959,1.526479283,5.0426,0.4042,5.4468,1.1981,0,1.1981
Lotus corniculatus,a,237,66,56.5,51,49,48.5,0,4.2245,0,3.0248,1.396621264,7.2493,0.6444,7.8937,2.1758,0,2.1758
Lotus corniculatus,a,237,53,46,45.5,45,44.5,0,4.1832,0,3.3617,1.244370408,7.5449,1.0159,8.5608,1.8804,0,1.8804
Lotus corniculatus,a,237,63,56,56,53.5,52.5,0,3.0624,0.0544,3.9211,0.794878988,7.0379,0.7379,7.7758,1.6077,0,1.6077
Lotus corniculatus,a,237,40,40,39,37,37,0,3.434,0.1007,2.629,1.344503614,6.1637,1.0291,7.1928,1.9694,0,1.9694
Lotus corniculatus,a,237,61.5,50,45,40.5,38.5,0,1.6881,0.0308,1.409,1.219943222,3.1279,0.637,3.7649,0.605,0,0.605
Lotus corniculatus,a,237,45.5,45,44,44,38.5,0,1.535,0,1.44,1.065972222,2.975,0.3779,3.3529,0.7575,0,0.7575
Lotus corniculatus,a,237,81,78,77,77.5,76.5,0,2.9842,0.0875,4.1523,0.739758688,7.224,0.7123,7.9363,1.4321,0,1.4321
Lotus corniculatus,a,237,66,61,54.5,53.5,50.5,0,3.0229,0,2.8305,1.067973856,5.8534,0.6178,6.4712,1.9938,0,1.9938
Lotus corniculatus,a,237,50,46,40,38.5,36.5,0,2.338,0.0237,1.6736,1.411149618,4.0353,0.5463,4.5816,1.6882,0,1.6882
Trébol frutilla,a,155,38,34.75,31.5,,,0,0.36825,0,0.55485,0.66369289,0.9231,0.0779,1.001,0.21315,0,0.21315
Trébol frutilla,a,155,35.75,34,31.5,,,0,0.30295,0,0.5041,0.600972029,0.80705,0.13545,0.9425,0.22455,0,0.22455
Trébol frutilla,a,155,29.5,27.5,26,,,0,0.28085,0,0.48945,0.573807335,0.7703,0.09545,0.86575,0.21475,0,0.21475
Trébol frutilla,a,155,24.5,22.83333333,21.16666667,,,0,0.163066667,0,0.1847,0.882873128,0.347766667,0.039333333,0.3871,0.151633333,0,0.151633333
Trébol frutilla,a,155,31,30.75,27.75,,,0,0.2701,0,0.3753,0.719690914,0.6454,0.0799,0.7253,0.2276,0,0.2276
Trébol frutilla,a,155,37,35.25,30.25,,,0,0.2532,0,0.42385,0.597381149,0.67705,0.04925,0.7263,0.11435,0,0.11435
Trébol frutilla,a,155,41.5,38,35.5,,,0,0.34855,0,0.63195,0.5515468,0.9805,0.1745,1.155,0.22735,0,0.22735
Trébol frutilla,a,155,30,28,26.75,,,0,0.25765,0,0.43185,0.596619196,0.6895,0.0566,0.7461,0.1981,0,0.1981
Trébol frutilla,a,155,33,30.5,29,,,0,0.45175,0,0.6235,0.724538893,1.07525,0.22115,1.2964,0.3203,0,0.3203
Trébol frutilla,a,155,31.66666667,30.83333333,28.33333333,,,0,0.274533333,0,0.433,0.634026174,0.707533333,0.0979,0.805433333,0.217166667,0,0.217166667
Trébol frutilla,a,155,32.5,31.66666667,26.66666667,,,0,0.240466667,0,0.3715,0.647285778,0.611966667,0.0784,0.690366667,0.141733333,0,0.141733333
Trébol frutilla,a,155,24,23.5,20.75,,,0,0.28355,0,0.38055,0.745105768,0.6641,0.1759,0.84,0.2428,0,0.2428
Trébol blanco,a,155,22.5,22,20.75,,,0,0.22475,0,0.25925,0.866923819,0.484,0.05665,0.54065,0.17895,0,0.17895
Trébol blanco,a,155,27,25.75,25.25,,,0,0.3057,0,0.42205,0.724321763,0.72775,0.0649,0.79265,0.2846,0,0.2846
Trébol blanco,a,155,25.5,24.25,24.25,,,0,0.3716,0,0.4678,0.794356563,0.8394,0.0843,0.9237,0.32075,0,0.32075
Trébol blanco,a,155,27.25,25.5,24,,,0,0.38535,0,0.44615,0.863722963,0.8315,0.08355,0.91505,0.31755,0,0.31755
Trébol blanco,a,155,31.5,30.75,27.75,,,0,0.4851,0,0.8472,0.572592068,1.3323,0.12745,1.45975,0.4806,0,0.4806
Trébol blanco,a,155,28,27.75,25.25,,,0,0.2762,0,0.26515,1.041674524,0.54135,0.06555,0.6069,0.20615,0,0.20615
Trébol blanco,a,155,30.5,29,27.25,,,0.033,0.38155,0,0.5548,0.687725306,0.96935,0.0772,1.04655,0.34705,0,0.34705
Trébol blanco,a,155,19.25,20.25,18.75,,,0,0.2533,0,0.2591,0.977614821,0.5124,0.0642,0.5766,0.1792,0,0.1792
Trébol blanco,a,155,27.75,26.5,25.5,,,0,0.209,0,0.23645,0.883907803,0.44545,0.056,0.50145,0.128,0,0.128
Trébol blanco,a,155,23.5,22.25,21.75,,,0,0.2584,0,0.34,0.76,0.5984,0.0729,0.6713,0.3889,0,0.3889
Trébol blanco,a,155,27.5,27,25.25,,,0,0.32705,0,0.45315,0.721725698,0.7802,0.1262,0.9064,0.23185,0,0.23185
Trébol blanco,a,155,22.25,21.5,21,,,0,0.22295,0,0.23775,0.937749737,0.4607,0.06005,0.52075,0.11925,0,0.11925
Trébol balansa,a,155,19.25,19.25,18.5,,,0,0.2196,0.0078,0.2649,0.858437146,0.4923,0.03615,0.52845,0.2549,0,0.2549
Trébol balansa,a,155,20.25,20,18.75,,,0,0.29245,0.0326,0.44385,0.732342007,0.7689,0.06625,0.83515,0.24985,0,0.24985
Trébol balansa,a,155,38.5,37.5,34.75,,,0,0.16275,0.01144,0.22175,0.785524239,0.39594,0.01865,0.41459,0.05245,0,0.05245
Trébol balansa,a,155,20.25,19.75,19.5,,,0,0.38795,0,0.4692,0.826832907,0.85715,0.0712,0.92835,0.3503,0,0.3503
Trébol balansa,a,155,24,22.5,21.5,,,0,0.5025,0.1355,0.60845,1.048566028,1.24645,0.09,1.33645,0.6449,0,0.6449
Trébol balansa,a,155,27.25,25.25,25,,,0,0.2155,0,0.2274,0.947669305,0.4429,0.0414,0.4843,0.16565,0,0.16565
Trébol balansa,a,155,25.5,25,23.5,,,0,0.315,0.01445,0.39455,0.835001901,0.724,0.04685,0.77085,0.2877,0,0.2877
Trébol balansa,a,155,24.75,23.5,23.25,,,0,0.47885,0,0.5524,0.866853729,1.03125,0.094,1.12525,0.5538,0,0.5538
Trébol balansa,a,155,26.75,24.75,23.75,,,0,0.37925,0.0372,0.6611,0.629934957,1.07755,0.0758,1.15335,0.4912,0,0.4912
Trébol balansa,a,155,18,16.75,16.25,,,0,0.19235,0,0.24565,0.783024629,0.438,0.05465,0.49265,0.1652,0,0.1652
Trébol balansa,a,155,26.75,26,24.25,,,0,0.21225,0,0.31595,0.67178351,0.5282,0.03585,0.56405,0.10125,0,0.10125
Trébol balansa,a,155,33.5,30,27.5,,,0,0.40805,0,0.4583,0.890355662,0.86635,0.0604,0.92675,0.24825,0,0.24825
Lotus tenuis,a,155,35.25,34.25,31.5,,,0,0.3461,0,0.36305,0.953312216,0.70915,0.06395,0.7731,0.2472,0,0.2472
Lotus tenuis,a,155,36,31.75,29.75,,,0,0.3434,0,0.37925,0.905471325,0.72265,0.05365,0.7763,0.166,0,0.166
Lotus tenuis,a,155,47.75,39.5,39,,,0,0.36955,0,0.45605,0.810327815,0.8256,0.056,0.8816,0.23935,0,0.23935
Lotus tenuis,a,155,35,27.5,23.5,,,0,0.2597,0,0.21545,1.20538408,0.47515,0.05095,0.5261,0.16675,0,0.16675
Lotus tenuis,a,155,35,34.75,28.5,,,0,0.3262,0,0.4499,0.725050011,0.7761,0.0785,0.8546,0.20885,0,0.20885
Lotus tenuis,a,155,34.75,32.5,30.25,,,0,0.265,0,0.37865,0.699854747,0.64365,0.0444,0.68805,0.15165,0,0.15165
Lotus tenuis,a,155,31.25,29.5,28.5,,,0,0.182,0,0.18815,0.967313314,0.37015,0.032,0.40215,0.09055,0,0.09055
Lotus tenuis,a,155,38.25,33.75,29.5,,,0,0.33725,0,0.37155,0.907684026,0.7088,0.0619,0.7707,0.22855,0,0.22855
Lotus tenuis,a,155,36.25,28.75,25.75,,,0,0.26645,0,0.21905,1.216388952,0.4855,0.0437,0.5292,0.16735,0,0.16735
Lotus tenuis,a,155,37.66666667,33.16666667,32.5,,,0,0.297166667,0,0.2955,1.005640158,0.592666667,0.041366667,0.634033333,0.136933333,0,0.136933333
Lotus tenuis,a,155,38.25,34.75,31.5,,,0,0.2734,0,0.2985,0.915912898,0.5719,0.0602,0.6321,0.17695,0,0.17695
Lotus tenuis,a,155,41.75,36.75,33,,,0,0.41715,0,0.37735,1.105472373,0.7945,0.064,0.8585,0.21755,0,0.21755
Lotus corniculatus,a,155,27,21,20,,,0,0.216,0,0.1302,1.658986175,0.3462,0.515,0.8612,0.2124,0,0.2124
Lotus corniculatus,a,155,22,21.5,19.5,,,0,0.2984,0,0.1618,1.844252163,0.4602,0.052,0.5122,0.2295,0,0.2295
Lotus corniculatus,a,155,19.5,18.5,16,,,0,0.12,0,0.0547,2.193784278,0.1747,0.0201,0.1948,0.0589,0,0.0589
Lotus corniculatus,a,155,32.5,26,25.5,,,0,0.2619,0.0116,0.1861,1.469639979,0.4596,0.0578,0.5174,0.1775,0,0.1775
Lotus corniculatus,a,155,34,25,23,,,0,0.3886,0,0.1973,1.969589458,0.5859,0.0696,0.6555,0.1832,0,0.1832
Lotus corniculatus,a,155,28.5,27,20,,,0,0.5533,0,0.2906,1.903991741,0.8439,0.0492,0.8931,0.2249,0,0.2249
Lotus corniculatus,a,155,23,17,17,,,0,0.2699,0,0.0905,2.982320442,0.3604,0.0451,0.4055,0.1048,0,0.1048
